title,image_urls
"Steel Shim Stock Rolls - 16a5 .005 steel shimstock 6""x10","{https://m.media-amazon.com/images/I/61Q9fjr8zwL.jpg,https://m.media-amazon.com/images/I/61Q9fjr8zwL._AC_SL1326_.jpg,https://i5.walmartimages.com/asr/d0b071de-2131-4c1e-89d4-577fbe61ee6b_1.08e81c32f2d00eeb9cf65f6cd9060672.jpeg?odnHeight=450&odnWidth=450&odnBg=ffffff,http://site.unbeatablesale.com/img184/orsno10001.gif,http://ecx.images-amazon.com/images/I/4118NfmvAFL._SL160_.jpg,https://i5.walmartimages.com/asr/bc225383-4e8b-4257-a4bf-d622380f2882_1.c8369612ed7477084f60ad29a067b204.jpeg?odnHeight=450&odnWidth=450&odnBg=ffffff,https://img.shop.com/Image/260000/263300/263383/products/1972235205__300x300__.jpg,https://m.media-amazon.com/images/I/41qQVbm2ZYL._UL320_.jpg,https://www.staples-3p.com/s7/is/image/Staples/s0533396_sc7?$enl$,http://s3images.shopletcdn.com/productimages/500x500/605-16670.JPG,http://www.restockit.com/images/Product/medium/605-16320.jpg}"
Tight-Pin Broad Hinge,"{https://m.media-amazon.com/images/I/61WOe09SHsL.jpg,https://m.media-amazon.com/images/I/61WOe09SHsL._AC_SL1200_.jpg,http://www.homedepot.com/catalog/productImages/400/f8/f88cb382-c2a8-4c9a-b9f6-0e6d36f8e701_400.jpg,http://ecx.images-amazon.com/images/I/51Isj5eRZxL._SL160_.jpg,http://ecx.images-amazon.com/images/I/51sa3EZiAaL._SL160_.jpg,https://i5.walmartimages.com/asr/88997ca8-83ef-47ea-ad39-cec17d14686f.1b45e662a3796f660d810bebc990f96b.jpeg?odnHeight=450&odnWidth=450&odnBg=ffffff,https://www.hardwareworld.com/files/pi/lK/P/N7NU.jpg,http://site.unbeatablesale.com/ORGL111013.JPG,https://i5.walmartimages.com/asr/a38a94c9-a7ef-445a-a22b-25a2aa7ad256_1.ef609b13d0b39779ba2b4d81f2e78d5c.jpeg?odnHeight=450&odnWidth=450&odnBg=ffffff,https://img.shop.com/Image/260000/263300/263383/products/1839287207__300x300__.jpg,http://images10.newegg.com/ProductImageCompressAll200/V08E_1_20170620212229728.jpg}"
Design House 525691 Design House 525691 Single Handle Tub And Shower Pressure Balanced with Single Function Shower Head & Valve,"{https://m.media-amazon.com/images/I/41DsOSSWTNL.jpg,https://m.media-amazon.com/images/I/41DsOSSWTNL._AC_SL1000_.jpg,https://m.media-amazon.com/images/I/81y3JjNOa+L._AC_SL1500_.jpg,https://m.media-amazon.com/images/I/61WVwg+0DVL._AC_SL1000_.jpg,https://m.media-amazon.com/images/I/71jJssWF-hL._AC_SL1500_.jpg,https://m.media-amazon.com/images/I/81eY+ipMJnL._AC_SL1500_.jpg,https://m.media-amazon.com/images/I/71+cfIGtAOL._AC_SL1500_.jpg,https://m.media-amazon.com/images/I/71N6FRLI5mL._AC_SL1500_.jpg,https://m.media-amazon.com/images/I/51e76DMl04L._AC_SL1000_.jpg,https://i5.walmartimages.com/asr/f779318e-0a5a-4801-884b-e926d1dbbb0d.ab57812ffbe003be802d989f181d3d67.jpeg?odnHeight=450&odnWidth=450&odnBg=ffffff,https://www.faucet.com/imagebase/resized/x800/DesignHouseimages/525691.jpg,https://images.thdstatic.com/productImages/45bfdc68-6e74-44f1-addd-a53f5374cc4e/svn/satin-nickel-design-house-bathtub-shower-faucet-combos-525691-64_1000.jpg,http://ecx.images-amazon.com/images/I/31T1WbJriDL._SL160_.jpg,http://images.hayneedle.com/mgen/options:DHIC217_42_SatinNickel.jpg?is=800%2C800,https://cdn.shopify.com/s/files/1/2454/1459/products/yhst-138104251258022_2381_1916834420.jpg?v=1508252707,https://c1.neweggimages.com/ProductImageCompressAll640/A5D5D2202151ALIU093.jpg,http://site.unbeatablesale.com/EB080/dshs600.gif}"
"NATIONAL 251887 Security Stud Hinge, 4"", Brasstone","{https://m.media-amazon.com/images/I/61LJ96fi2XL.jpg,https://m.media-amazon.com/images/I/61LJ96fi2XL._AC_SL1000_.jpg,https://m.media-amazon.com/images/I/51OE6gRxYdL._AC_SL1500_.jpg,https://m.media-amazon.com/images/I/31BB9ElBblL._AC_.jpg,https://i5.walmartimages.com/asr/8c9829f2-7e04-4451-9935-608fa47a02bd_1.2725e43d349244dd2cdc211fdb91316d.jpeg?odnHeight=450&odnWidth=450&odnBg=ffffff,https://images.homedepot-static.com/productImages/0c202082-a67c-4786-81f9-2cecce9acfbd/svn/national-hardware-door-hinges-v512-4-sec-stud-brs-4x4-64_1000.jpg,http://ecx.images-amazon.com/images/I/51VP%2BeWlEOL._SL160_.jpg,https://i5.walmartimages.com/asr/1dd1193c-fcc6-4cf2-8609-de201414b7b7_1.fbb52d1ac342b8c22878b918009ddb81.jpeg?odnHeight=450&odnWidth=450&odnBg=ffffff,http://images10.newegg.com/ProductImageCompressAll200/V08E_1_20170620675686678.jpg,https://images10.newegg.com/ProductImageCompressAll200/A14R_1_20140529529915342.jpg,https://www.hardwareworld.com/files/pi/lN/7/RNHC.jpg}"
"Pilot Frixion Clicker Erasable Gel Pen, Assorted Ink, 3 per Pack (31467), Black/Blue/Red Gel Pens","{https://m.media-amazon.com/images/I/61SsXzT0JDL.jpg,https://m.media-amazon.com/images/I/61SsXzT0JDL._AC_SL1495_.jpg,https://m.media-amazon.com/images/I/81PZ+nQ153L._AC_SL1500_.jpg,https://m.media-amazon.com/images/I/81ahfwW9T4L._AC_SL1500_.jpg,https://m.media-amazon.com/images/I/71L4qlODHcL._AC_SL1500_.jpg,https://m.media-amazon.com/images/I/61TND8Gq8uL._AC_SL1500_.jpg,https://m.media-amazon.com/images/I/51BxC0rZglL._AC_SL1500_.jpg,https://m.media-amazon.com/images/I/61Hk+LU3xDL._AC_SL1500_.jpg,https://media.officedepot.com/images/t_extralarge%2Cf_auto/products/588553/588553_p_31467_FriXion_Clickable_Pen_Asst_3PK.jpg,https://i5.walmartimages.com/asr/8f05e905-6a2b-4029-9bad-881102aa8f2d.2584db773fcb957b9c5336c1217a95b1.jpeg?odnHeight=450&odnWidth=450&odnBg=ffffff,http://site.unbeatablesale.com/img391/azerty6825.gif,http://ecx.images-amazon.com/images/I/41KzCwlvEDL._SL160_.jpg,https://www.quill.com/is/image/Quill/sp134165664_s7?$img400$,https://target.scene7.com/is/image/Target/GUEST_177b4ff1-b6d6-40a3-b4b7-577b1ad3c6e3?wid=1000&hei=1000,https://smhttp-ssl-88434.nexcesscdn.net/media/catalog/product/isimages/USPIL31467.jpg,https://c1.neweggimages.com/NeweggImage/productimage/48-897-074-02.jpg,https://www.staples-3p.com/s7/is/image/Staples/sp44343251_sc7?$enl$}"
"Danco 10537 Lever Handle, for Use with Delta Lavatory Faucets, Zinc, Chrome Plated","{https://m.media-amazon.com/images/I/61NFUCxUOKL.jpg,https://m.media-amazon.com/images/I/61NFUCxUOKL._AC_SL1500_.jpg,https://m.media-amazon.com/images/I/61As+eeVMtL._AC_SL1500_.jpg,https://m.media-amazon.com/images/I/71hrglYVhmL._AC_SL1500_.jpg,https://i5.walmartimages.com/asr/a23e31ce-9f43-4321-811f-be8cbe8ce85f_1.320b57684b8b0e3aba3d891e285b26ea.jpeg?odnHeight=450&odnWidth=450&odnBg=ffffff,http://images.lowes.com/product/converted/037155/037155021024lg.jpg,http://ecx.images-amazon.com/images/I/31OdUmrM3vL._SL160_.jpg,https://i5.walmartimages.com/asr/a363f20b-be7f-4a3f-8227-a5c7ee7e85ff_1.ec13f8ba9d635756c4f6251458c4cdbc.jpeg?odnHeight=450&odnWidth=450&odnBg=FFFFFF,http://site.unbeatablesale.com/EB421/achr13598.gif,https://cdn-tp3.mozu.com/24645-37138/cms/37138/files/71bb3e97-44f6-4956-8c69-ecd14b9aefb7,https://images.thdstatic.com/productImages/a24c3f6b-9084-444f-865b-263a09de4a82/svn/chrome-danco-faucet-handles-10537-64_1000.jpg,https://www.hardwareworld.com/files/pi/lL/F/38GZ.jpg,http://images10.newegg.com/ProductImageCompressAll200/A24G_1_20170905407931588.jpg}"
"STANLEY Pry Bar, Wonderbar, 12-3/4-Inch (55-515)","{https://m.media-amazon.com/images/I/31xlQsXPfXL.jpg,https://m.media-amazon.com/images/I/31xlQsXPfXL._AC_SL1000_.jpg,https://m.media-amazon.com/images/I/51AfQRIJUeL._AC_SL1500_.jpg,https://m.media-amazon.com/images/I/41KFJsdIfFS._AC_SL1000_.jpg,https://m.media-amazon.com/images/I/41glI29Qk1S._AC_SL1000_.jpg,https://i5.walmartimages.com/asr/55a87e4b-8e5a-460d-b80c-788bba34d06b_1.46f727f526ff8efcd04884e3ffdb47be.jpeg?odnHeight=450&odnWidth=450&odnBg=ffffff,http://site.unbeatablesale.com/img185/orsno31518.gif,https://images.homedepot.ca/productimages/p_1000102823.jpg,https://images.homedepot-static.com/productImages/a1b0ba71-aa23-400d-a073-6f1a1a65cc3a/svn/stanley-wrecking-pry-bars-55-515k-64_1000.jpg,https://cdn-tp3.mozu.com/24645-37138/cms/37138/files/f701f7b2-af19-4c45-984e-ff8d91564c2e,https://m.media-amazon.com/images/I/41ItFiGsdpL._UL320_.jpg,http://images.lowes.com/product/converted/076174/076174555158lg.jpg,https://www.hardwareworld.com/files/pi/lI/N/KZR1.jpg}"
Swiss Legend Men's 10537-01-BB Scubador Analog Display Swiss Quartz Black Watch,"{https://m.media-amazon.com/images/I/91r84TzQObL.jpg,https://m.media-amazon.com/images/I/91r84TzQObL._AC_UL1500_.jpg,https://m.media-amazon.com/images/I/61csYxax0OL._AC_UL1500_.jpg,https://m.media-amazon.com/images/I/81wBfh1OK7L._AC_UL1500_.jpg,https://m.media-amazon.com/images/I/61uSqTPdzHL._AC_UL1500_.jpg,https://i5.walmartimages.com/asr/ac7713ec-8274-4ed6-874c-0a332709937e_1.1a83a2c6ca98bccc17d2ae0bbfae3074.jpeg?odnHeight=450&odnWidth=450&odnBg=ffffff,http://ecx.images-amazon.com/images/I/51qOkfvzBYL._SL160_.jpg,http://www.worldofwatches.com/images/H/SL-10537-01-BB.jpg,http://www.thewatchery.com/images/H/SL-10537-01-BB.jpg,http://www.ewatches.com/images/H/SL-10537-01-BB.jpg,http://img1.r10.io/PIC/86826048/0/1/250/86826048.jpg}"
"Architectural Mailboxes Soho Wall Mailbox, Graphite Bronze","{https://m.media-amazon.com/images/I/51LwU9BPvdL.jpg,https://m.media-amazon.com/images/I/51LwU9BPvdL._AC_SL1200_.jpg,https://images.homedepot-static.com/productImages/c8df8b02-23b2-4242-a98b-f4cdf9566fe3/svn/metallics-architectural-mailboxes-wall-mount-mailboxes-2480z-64_1000.jpg,http://images.lowes.com/product/converted/832794/832794000245lg.jpg,http://images.hayneedle.com/mgen/master:ARCI004.jpg?is=800%2C800,http://ecx.images-amazon.com/images/I/41H3emEvCjL._SL160_.jpg,https://target.scene7.com/is/image/Target/GUEST_0d9f6c45-1ba8-4346-a1c5-b3f955360790?wid=1000&hei=1000,https://i5.walmartimages.com/asr/648173a2-02d7-4e85-88ea-16bb9fa82061_1.bd2873097048daa3db6f2e457ab09b64.jpeg?odnHeight=450&odnWidth=450&odnBg=ffffff,https://s3.img-b.com/image/private/t_base%2Cf_auto%2Cc_lpad%2Cw_800%2Ch_800/product/ArchitecturalMailboxes/architectural-mailboxes-2480z-4853632.jpg,http://site.unbeatablesale.com/img015/arch018.gif,https://s7d2.scene7.com/is/image/homedepotcanada/p_1000702789.jpg}"
"Radici USA Como Black Rug Rug Size: 5'5"" x 7'7""","{https://m.media-amazon.com/images/I/915Tz+24RSL.jpg,https://m.media-amazon.com/images/I/915Tz+24RSL._AC_SL1500_.jpg,https://m.media-amazon.com/images/I/61Z9eNE8IVL._AC_.jpg,https://m.media-amazon.com/images/I/612X7h+dfLL._AC_.jpg,http://images.hayneedle.com/mgen/master:RUI393.jpg?is=800%2C800,http://ecx.images-amazon.com/images/I/61zSvGFkz7L._SL160_.jpg,http://ecx.images-amazon.com/images/I/51p5d5WEQdL._SL160_.jpg,https://i5.walmartimages.com/asr/65299074-55b4-40b2-b1f3-3160c02bdcdb_1.4fb60937a1f6b387757723d8970b71d1.jpeg?odnHeight=450&odnWidth=450&odnBg=ffffff,https://i5.walmartimages.com/asr/b86ff9e3-6e1c-46c8-b0d3-7412e92ee34d_4.b0c24aa989136fa6b930c727e58c474d.jpeg?odnHeight=450&odnWidth=450&odnBg=ffffff,https://s7d9.scene7.com/is/image/JCPenney/DP0323201801072917M?wid=800&hei=800&op_sharpen=1,https://slimages.macysassets.com/is/image/MCY/products/9/optimized/15195019_fpx.tif?wid=300&fmt=jpeg&qlt=100}"